1001,Flash-накопитель,6
1378,Web-камера,8
2796,Wi-Fi-адаптер,2
8093,Автомобильная зарядная станция,1
1889,Автомобильное зарядное устройство,46
526,Адаптер,4
495,Аквариум,1
1309,Аккумулятор для мобильного телефона,118
3125,Аккумулятор для ноутбука,2
3127,Аккумулятор для пылесоса,2
6792,Аккумулятор для радиоуправляемых игрушек,1
1275,Аксессуар для увлажнителя и очистителя,17
6198,Аксессуар для электробритвы,6
2037,Аксессуары для квадрокоптеров,3
2589,Аксессуары для паровых станций,1
763,Алкотестер,8
2000,Ароматизатор воздуха электрический,10
5061,Аэратор для вина,4
2678,Аэрогриль,7
506,Бинокль,5
614,Блендер,22
808,Блинница электрические,1
906,Браслет для часов,58
297,Брелок,1
620,Бритва электрическая,207
375,Бритвенный набор,8
1527,Бритвы безопасные,4
2330,Будильник электронный,4
3528,Бутылка,1
384,Бутылка для воды,3
3513,Ванна ультразвуковая,2
1051,Велокамера,1
1540,Велоперчатки,2
3870,Велосумка,1
1192,Вентилятор,64
610,Весы,16
6155,Весы электронные,27
1530,Видеодомофон,2
3152,Видеокамеры цифровые,11
902,Видеоняня,6
600,Видеорегистратор автомобильный,14
4453,Вкладыши для тормозных колодок,1
468,Внешний аккумулятор,289
2200,Выключатель электронный,1
2314,Выпрямитель волос,12
513,Гамаки,15
855,Гантели,14
518,Гарнитура,133
524,Геймпад,4
2258,Гигрометр,11
3328,Гитара,3
1065,Головоломка,1
1681,Графический планшет,33
433,Грелка,6
2030,Дальномер,24
1531,Датчик двери,12
1532,Датчик движения,18
4567,Датчик задымления,3
3062,Датчик протечки воды,7
1533,Датчик разбития стекла,2
3993,Датчик температуры,25
2374,Датчик утечки газа,2
1649,Дверной звонок,1
5741,Дезинфицирующий аппарат,11
691,Дезодорант для обуви,3
777,Держатель в авто,19
5547,Держатель для съемки смартфоном,1
1444,Держатель кухонный,3
2709,Держатель проводов,3
5488,Дисплей для смартфона,2
847,Дозатор для ванной,102
2677,Дозатор косметический,2
1407,Док-станция,2
715,Доска для рисования,1
1164,Дрель,2
6307,Другие автоаксессуары,4
6500,Другие аксессуары для техники,2
6487,Другие велозапчасти,2
2517,Духовой шкаф,5
1203,Ершик для унитаза,1
871,Жидкое мыло,21
5273,Зажигалка электронная,2
1471,Замок велосипедный,6
7661,Замок дверной,1
7357,Замок и защелка мебельная,5
2228,Запчасти для самоката,13
6492,Запчасть для мобильного телефона,10
7005,Запчасть для пылесоса,14
765,Зарядное устройство,160
4998,Зарядное устройство для аккумулятора,2
453,Защитная пленка,26
1571,Защитное стекло,85
1489,Зеркало косметическое,26
61,Зонт,48
596,Зубная нить,1
438,Зубная паста,3
556,Зубная щетка,43
523,Игровая консоль,2
124,Игрушечное оружие,3
2547,Игрушка антистресс,7
731,Игрушка для животных,5
2095,Игрушки интерактивные,1
665,Ингалятор,12
4580,Инструмент для портативной техники,2
1955,Инструмент для чистки лица,2
7113,Инструмент для чистки ушей,1
1583,Ирригатор,85
519,Кабель,101
977,Калькулятор,11
1534,Камера видеонаблюдения,101
1608,Капучинатор,10
1260,Карта памяти,3
1290,Кассета для бритв,1
823,Кастрюля,1
437,Кисть косметическая,1
604,Клавиатура,3
1412,Клиппер маникюрный,7
742,Коврик для мыши,4
331,Коврик комнатный,1
1068,Ковш,1
1071,Когтерезка,1
1899,Колодки тормозные,2
520,Колонка,80
3856,Коммутатор,1
5806,Комплект клавиатура и мышь,1
767,Компрессор автомобильный,29
117,Конструктор,98
1806,Контейнеры из полимеров,6
6684,Контроллер заряда,1
1027,Коптер,2
1121,Кормушка,9
835,Корректор осанки,2
450,Косметический аппарат,15
403,Косметический набор для ухода,4
1188,Кофемашина,15
4806,Кресла компьютерные,1
4198,Кронштейн автомобильный,8
812,Кружка,1
1032,Кубики,6
1371,Кубики для охлаждения,4
1964,Кусачки маникюрные,3
611,Кухонные весы,7
7421,Лампа для бытовой техники,6
1133,Лампочка,12
2815,Лезвие для бритвы,1
696,Лента гимнастическая,16
8279,Лобзик,1
1507,Лопата автомобильная,1
585,Лопата туристическая,1
1125,Лоток для животных,1
602,Мангал,1
308,Маникюрный набор,43
5734,Массажер косметический,10
983,Массажер механический,14
594,Массажер электрический,49
4563,Машина посудомоечная,5
3185,Машинка для стрижки волос,70
1072,Машинка для стрижки животных,1
667,Машинка против катышек,125
2864,Медиаплеер,55
988,Мельница,23
1252,Мешок для пылесоса,6
694,Микроволновая печь,5
1142,Микрофон,28
619,Миксер,3
6488,Мини-кондиционер воздуха,2
2748,Мини-пылесос,2
516,Мобильный телефон,2
1999,Мойка воздуха,3
927,Мойка высокого давления,1
2066,Молоток,1
2892,Монитор,95
2745,Монитор видеодомофона,1
5218,Монокуляры,1
466,Монопод,58
617,Мультиварка,3
627,Мультистайлер,3
559,Мультитул,58
1593,Мусорное ведро,39
382,Мыло косметическое,11
1130,Мыльница,3
788,Мышь,197
931,Набор автомобилиста,2
119,Набор для рисования,3
655,Набор инструментов,2
1766,Набор кухонных принадлежностей,5
829,Набор столовых приборов,10
4928,Насадка для зубной щетки,18
2932,Насадка для машинки,1
1270,Насадка для пылесоса,30
2257,Насадка для швабры,11
1497,Насадка на кран,13
1628,Насадки для электрических зубных щеток,4
3204,Насос автомобильный,24
4832,Насос велосипедный,20
462,Насос спортивный,1
593,Наушники,1138
1844,Нож для пиццы,5
811,Нож кухонный,26
1785,Нож столовый,3
908,Нож туристический,4
1308,Ножницы кухонные,11
1411,Ножницы маникюрные,2
2290,Ноутбук,9
1673,Ночник,47
3700,Облучатель-рециркулятор,1
939,Обогреватель,4
607,Освежители воздуха,17
2294,Отвертка,119
1506,Открывалка,6
1301,Отпариватель,79
1537,Очиститель воздуха,19
6185,Очиститель воздуха для животных,1
2727,Очки для компьютера,19
250,Очки для плавания,1
498,Палатка,1
2585,Пароочиститель,2
2436,Переходник,5
226,Перчатки,24
2021,Перчатки спортивные,2
913,Перчатки хозяйственные,1
1245,Пилка для ногтей,5
2075,Пирометр,1
517,Планшет,52
2708,Планшет канцелярский,3
5581,Плиты настольные,14
729,Поводок,3
703,Поглотитель запаха,2
624,Погодная станция,18
3095,Подставка для мобильного устройства,2
5868,Подставка для ноутбука,1
3235,Поилка для животных,19
773,Поисковое устройство,1
5323,Полотно для беговых дорожек,2
1962,Помпа для воды,39
3121,Презентер,4
990,Пресс для чеснока,1
3380,Прибор для очищения кожи,4
793,Принтер,4
3625,Принтер портативный,24
993,Пробка для бутылок,12
2300,Проектор,47
3548,Прожектор,2
2103,Пульт телевизионный,39
2718,Пуско-зарядное устройство,6
710,Пылесос,215
2012,Пылесос автомобильный,6
2770,Пылесос маникюрный,1
1715,Радио-часы,5
3049,Радиостанция,6
794,Разветвитель,10
824,Разделочная доска,3
500,Расческа,2
3480,Расческа для животных,4
2795,Ремешок для умных часов,116
1950,Ресивер телевизионный,1
2343,Рисоварка,1
2791,Робот-пылесос,119
3940,Робот-стеклоочиститель,40
910,Роутер,78
1481,Рулетка,4
317,Ручка,29
138,Рюкзак,233
490,Самокат,10
4016,Саундбар,22
330,Светильник,43
2586,Светильник переносной,1
3534,Светодиодная лента,6
4004,Сейф,4
7599,Секция с зеркалом,1
785,Сетевой фильтр,21
4529,Сигнализация автомобильная,1
1305,Система видеонаблюдения,1
3081,Система умный дом,43
386,Скакалка,1
787,Смарт-часы,684
515,Смартфон,315
1708,Смеситель,1
635,Соковыжималка электрическая,1
59,Солнцезащитные очки,13
3295,Средство для уборки за животными,1
3061,Стабилизатор,1
6288,Стартер ручной,1
584,Стельки,1
660,Степлер канцелярский,1
2475,Стерилизатор зубных щеток,11
3494,Стерилизатор косметологический,8
2833,Стилус,4
50,Сумка,14
4288,Сумка для ноутбука,3
5498,Сумка рыболовная,3
7640,Сумка спортивная,6
2318,Сумка хозяйственная,1
2159,Сушилка для белья,4
2762,Сушилка для одежды электрическая,11
666,Сушка для обуви,13
2039,Табличка для авто,4
2819,Телевизор,15
1003,Телескоп,8
827,Терка,1
1274,Термокружка,29
2019,Термометр детский,4
912,Термометр комнатный,12
4502,Термометр медицинский,7
637,Термометр электронный,46
640,Термопот,17
511,Термос,31
1455,Тест-полоски для воды,18
3268,Тестер воды для аквариума,8
636,Тонометр,1
574,Точилка,2
986,Точилка для ножей,3
475,Тренажер,10
1717,Триммер,85
3791,Тримминг,2
639,Увлажнитель,81
7434,Удлинитель,5
6462,Умная лампочка,22
4270,Умная розетка,5
7497,Умные весы,12
6463,Умный светильник,33
722,Упаковщик вакуумный,20
7726,Уровень строительный,3
2797,Усилитель Wi-Fi сигнала,27
643,Утюг,15
642,Фен,125
5409,Фильтр воздушный,2
940,Фильтр для воды,2
3244,Фильтр для поилки,1
1279,Фильтр для пылесоса,52
1514,Фитнес-браслет,315
4121,Фонарик бытовой,69
504,Фонарь спортивный,25
1906,Фотобумага,14
1317,Фумигатор,2
616,Чайник электрический,121
60,Часы наручные,5
196,Часы настольные,1
529,Часы электронные,90
1161,Чемодан,84
6530,Чехол для внешнего аккумулятора,1
2913,Чехол для наушников,24
1357,Чехол для ноутбука,5
1352,Чехол для планшета,374
390,Чехол для телефона,78748
7646,Чехол-бампер для телефона,4
7642,Чехол-книжка для телефона,223
1594,Швабра,19
4680,Штатив для съемки,8
998,Штопор,64
3681,Шумомер,1
2197,Шуруповерт,5
5655,Щетка для робот-пылесоса,56
481,Щетка для уборки,2
1612,Щетка косметическая,11
654,Щипцы для укладки,6
587,Щипцы кухонные,1
557,Электрическая зубная щетка,177
669,Электрическая мельница,16
2587,Электрическое одеяло,5
3908,Электронный планшет для рисования,25
2145,Электросамокат,23
792,Элемент питания,21
249,Эспандер,4
